{
  "precip": {
    "count": 1291714560,
    "min": 0.0,
    "max": 0.017140258103609085,
    "mean": 6.698548763472784e-06,
    "std": 6.794849968608763e-05,
    "p10": 0.0,
    "p90": 0.0
  },
  "SNOWH": {
    "count": 306203875,
    "min": 0.0,
    "max": 8.855999776278622,
    "mean": 0.0029359019502602293,
    "std": 0.12400110230939253,
    "p10": 0.0,
    "p90": 0.0
  },
  "UGDRNOFF": {
    "count": 306203875,
    "min": -8.139999818056822,
    "max": 617.6099861953408,
    "mean": 1.2424174898395994,
    "std": 5.736235864139757,
    "p10": -0.00524999988265229,
    "p90": 2.4977499441709377
  },
  "soil_sm_layer1": {
    "count": 306203875,
    "min": 0.0,
    "max": 0.5699999872595072,
    "mean": 0.20553397354388936,
    "std": 0.09404830487831096,
    "p10": 0.05984999866224825,
    "p90": 0.3197699928525835
  },
  "soil_sm_layer2": {
    "count": 306203875,
    "min": 0.0,
    "max": 0.5699999872595072,
    "mean": 0.23226194831908992,
    "std": 0.10361391299344533,
    "p10": 0.0398999991081655,
    "p90": 0.3397199924066663
  },
  "soil_sm_layer3": {
    "count": 306203875,
    "min": 0.0,
    "max": 0.5699999872595072,
    "mean": 0.23712398246781946,
    "std": 0.10303459934176598,
    "p10": 0.05984999866224825,
    "p90": 0.3499799921773374
  },
  "soil_sm_layer4": {
    "count": 306203875,
    "min": 0.0,
    "max": 0.5699999872595072,
    "mean": 0.26316447706238955,
    "std": 0.096867012963566,
    "p10": 0.1499099966492504,
    "p90": 0.36992999173142016
  },
  "terrain_router": {
    "count": 7077887911,
    "min": 0.0,
    "max": 6850.0,
    "mean": 0.026010768934879788,
    "std": 1.2949198343520814,
    "p10": 0.0,
    "p90": 0.0
  },
  "flow_accumulation": {
    "count": 216721880,
    "min": -2426078.75,
    "max": 4294967296.0,
    "mean": 1008095868.691122,
    "std": 1820294213.079831,
    "p10": -2426078.75,
    "p90": 4290669902.6252503
  },
  "flow_direction": {
    "count": 165854039,
    "min": 0.0,
    "max": 149.0,
    "mean": 29.234425156206175,
    "std": 23.907631471067983,
    "p10": 2.98,
    "p90": 63.921
  },
  "irrigation": {
    "count": 213787431,
    "min": 0.0,
    "max": 100.0,
    "mean": 8.141915446705397,
    "std": 24.662742771879095,
    "p10": 0.0,
    "p90": 21.8
  },
  "surface_extent": {
    "count": 173562944,
    "min": 0.0,
    "max": 254.99998474121094,
    "mean": 0.3260193159796397,
    "std": 6.910691948348927,
    "p10": 0.0,
    "p90": 0.25499998474121094
  }
}