{
  "SNOWH": {
    "count": 35776860755,
    "min": 0.0,
    "max": 15.419699668884277,
    "mean": 0.0663915976214974,
    "std": 0.3039056278903693
  },
  "UGDRNOFF": {
    "count": 35776835059,
    "min": -88.41999816894531,
    "max": 8765.2998046875,
    "mean": 15.934458084354208,
    "std": 53.21431216304168
  },
  "soil_sm_layer1": {
    "count": 35776860755,
    "min": 0.0,
    "max": 0.5799999833106995,
    "mean": 0.2191531102478157,
    "std": 0.10316110076710285
  },
  "soil_sm_layer2": {
    "count": 35776860755,
    "min": 0.0,
    "max": 0.5799999833106995,
    "mean": 0.23870532689070878,
    "std": 0.10754406710573479
  },
  "soil_sm_layer3": {
    "count": 35776860755,
    "min": 0.0,
    "max": 0.5799999833106995,
    "mean": 0.24332166966388832,
    "std": 0.10544601345208425
  },
  "soil_sm_layer4": {
    "count": 35776860755,
    "min": 0.0,
    "max": 0.5799999833106995,
    "mean": 0.26799607531986025,
    "std": 0.09870593036278134
  },
  "terrain_router": {
    "count": 826980425190,
    "min": 0.0,
    "max": 13109.0,
    "mean": 0.03462932450138594,
    "std": 1.6743839940569343
  },
  "flow_accumulation": {
    "count": 216721880,
    "min": -2426078.75,
    "max": 4294967296.0,
    "mean": 1008095868.691122,
    "std": 1820294213.079831
  },
  "flow_direction": {
    "count": 165854039,
    "min": 0.0,
    "max": 149.0,
    "mean": 29.234425156206175,
    "std": 23.907631471067983
  },
  "irrigation": {
    "count": 213787431,
    "min": 0.0,
    "max": 100.0,
    "mean": 8.141915446705397,
    "std": 24.662742771879095
  },
  "surface_extent": {
    "count": 173562944,
    "min": 0.0,
    "max": 254.99998474121094,
    "mean": 0.3260193159796397,
    "std": 6.910691948348927
  }
}
