{
  "RAINRATE": {
    "count": 442368000,
    "min": 0.0,
    "max": 0.01938772387802601,
    "mean": 1.7223424947587773e-05,
    "std": 0.00017063358973246068,
    "p10": 0.0,
    "p90": 0.0
  },
  "T2D": {
    "count": 442368000,
    "min": 261.71000000000004,
    "max": 317.8,
    "mean": 288.59544165002893,
    "std": 6.29157286781548,
    "p10": 280.50015,
    "p90": 297.49542
  },
  "SWDOWN": {
    "count": 442368000,
    "min": 0.0,
    "max": 1183.3,
    "mean": 141.43530266314696,
    "std": 201.70536873238666,
    "p10": 0.0,
    "p90": 492.2528
  },
  "soil_sm_layer1": {
    "count": 110233395,
    "min": 0.0,
    "max": 0.5699999872595072,
    "mean": 0.2091123391851112,
    "std": 0.0979033181664268,
    "p10": 0.05984999866224825,
    "p90": 0.3294599926359951
  },
  "soil_sm_layer2": {
    "count": 110233395,
    "min": 0.0,
    "max": 0.5699999872595072,
    "mean": 0.235421205252217,
    "std": 0.1058055104910416,
    "p10": 0.0398999991081655,
    "p90": 0.3499799921773374
  },
  "soil_sm_layer3": {
    "count": 110233395,
    "min": 0.0,
    "max": 0.5699999872595072,
    "mean": 0.23856837297072614,
    "std": 0.10418483436100628,
    "p10": 0.05984999866224825,
    "p90": 0.3499799921773374
  },
  "soil_sm_layer4": {
    "count": 110233395,
    "min": 0.0,
    "max": 0.5699999872595072,
    "mean": 0.2629765301345378,
    "std": 0.09686734320528856,
    "p10": 0.1499099966492504,
    "p90": 0.36992999173142016
  },
  "SNOWH": {
    "count": 110233395,
    "min": 0.0,
    "max": 8.898899775194877,
    "mean": 0.002942892008404901,
    "std": 0.12431412368886413,
    "p10": 0.0,
    "p90": 0.0
  },
  "UGDRNOFF": {
    "count": 110233395,
    "min": -88.41999802365899,
    "max": 6402.779856886715,
    "mean": 2.2189067482936267,
    "std": 19.021530168086976,
    "p10": -4.034399909824131,
    "p90": -4.034399909824131
  }
}