{
  "air_temp": {
    "count": 867041280,
    "min": 261.7099914550781,
    "max": 319.239990234375,
    "mean": 288.1375732421875,
    "std": 6.352443867040481
  },
  "precip": {
    "count": 867041280,
    "min": 0.0,
    "max": 0.01938772387802601,
    "mean": 1.0950639079965185e-05,
    "std": 0.0001272094728986843
  },
  "solar_shortwave": {
    "count": 867036067,
    "min": 0.0,
    "max": 1183.300048828125,
    "mean": 143.0472869873047,
    "std": 201.96976131489933
  },
  "SNOWH": {
    "count": 208218635,
    "min": 0.0,
    "max": 8.898900032043457,
    "mean": 0.0029411246068775654,
    "std": 0.12422087534728414
  },
  "UGDRNOFF": {
    "count": 208218624,
    "min": -88.41999816894531,
    "max": 6402.77978515625,
    "mean": 1.5603276491165161,
    "std": 14.149353738049996
  },
  "soil_sm_layer1": {
    "count": 208218635,
    "min": 0.0,
    "max": 0.5699999928474426,
    "mean": 0.2074941247701645,
    "std": 0.09676862436080907
  },
  "soil_sm_layer2": {
    "count": 208218635,
    "min": 0.0,
    "max": 0.5699999928474426,
    "mean": 0.2344353348016739,
    "std": 0.10510356138137772
  },
  "soil_sm_layer3": {
    "count": 208218635,
    "min": 0.0,
    "max": 0.5699999928474426,
    "mean": 0.2382187694311142,
    "std": 0.10388800100008246
  },
  "soil_sm_layer4": {
    "count": 208218635,
    "min": 0.0,
    "max": 0.5699999928474426,
    "mean": 0.2631267309188843,
    "std": 0.09693204262771687
  },
  "terrain_router": {
    "count": 4812963578,
    "min": 0.0,
    "max": 6898.0,
    "mean": 0.049369319618691794,
    "std": 1.8044399465546785
  },
  "flow_accumulation": {
    "count": 216721880,
    "min": -2426078.75,
    "max": 4294967296.0,
    "mean": 1008095868.691122,
    "std": 1820294213.079831
  },
  "flow_direction": {
    "count": 165854039,
    "min": 0.0,
    "max": 149.0,
    "mean": 29.234425156206175,
    "std": 23.907631471067983
  },
  "irrigation": {
    "count": 213787431,
    "min": 0.0,
    "max": 100.0,
    "mean": 8.141915446705397,
    "std": 24.662742771879095
  },
  "surface_extent": {
    "count": 173562944,
    "min": 0.0,
    "max": 254.99998474121094,
    "mean": 0.3260193159796397,
    "std": 6.910691948348927
  }
}