{
  "air_temp": {
    "count": 155438972191,
    "min": 228.1699981689453,
    "max": 325.1499938964844,
    "mean": 285.68281093335787,
    "std": 9.868918018051053
  },
  "precip": {
    "count": 155448115200,
    "min": 0.0,
    "max": 0.043547600507736206,
    "mean": 1.342159690341091e-05,
    "std": 0.00013192949183593716
  },
  "solar_shortwave": {
    "count": 155447306281,
    "min": 0.0,
    "max": 1366.300048828125,
    "mean": 151.5120067946649,
    "std": 218.69896920317038
  },
  "SNOWH": {
    "count": 35874845995,
    "min": 0.0,
    "max": 14.938299179077148,
    "mean": 0.042358722651508335,
    "std": 0.26477220634532883
  },
  "UGDRNOFF": {
    "count": 35874828894,
    "min": -244.01998901367188,
    "max": 8917.5693359375,
    "mean": 12.822739695043941,
    "std": 46.099844717920305
  },
  "soil_sm_layer1": {
    "count": 35874845995,
    "min": 0.0,
    "max": 0.5799999833106995,
    "mean": 0.2149225607254921,
    "std": 0.09813243133422235
  },
  "soil_sm_layer2": {
    "count": 35874845995,
    "min": 0.0,
    "max": 0.5799999833106995,
    "mean": 0.23092795835700447,
    "std": 0.104738879986345
  },
  "soil_sm_layer3": {
    "count": 35874845995,
    "min": 0.0,
    "max": 0.5799999833106995,
    "mean": 0.23339333090919728,
    "std": 0.10326135831552295
  },
  "soil_sm_layer4": {
    "count": 35874845995,
    "min": 0.0,
    "max": 0.5799999833106995,
    "mean": 0.26118944377755093,
    "std": 0.09676125835543252
  },
  "terrain_router": {
    "count": 829245350004,
    "min": 0.0,
    "max": 10366.0,
    "mean": 0.027094167467546202,
    "std": 1.353495807548871
  },
  "flow_accumulation": {
    "count": 216721880,
    "min": -2426078.75,
    "max": 4294967296.0,
    "mean": 1008095868.691122,
    "std": 1820294213.079831
  },
  "flow_direction": {
    "count": 165854039,
    "min": 0.0,
    "max": 149.0,
    "mean": 29.234425156206175,
    "std": 23.907631471067983
  },
  "irrigation": {
    "count": 213787431,
    "min": 0.0,
    "max": 100.0,
    "mean": 8.141915446705397,
    "std": 24.662742771879095
  },
  "surface_extent": {
    "count": 173562944,
    "min": 0.0,
    "max": 254.99998474121094,
    "mean": 0.3260193159796397,
    "std": 6.910691948348927
  }
}