{
  "air_temp": {
    "count": 3839754240,
    "min": 257.8699951171875,
    "max": 319.239990234375,
    "mean": 287.407470140589,
    "std": 5.928140614630613
  },
  "precip": {
    "count": 3839754240,
    "min": 0.0,
    "max": 0.01938772387802601,
    "mean": 8.163879763843032e-06,
    "std": 8.54596415921806e-05
  },
  "solar_shortwave": {
    "count": 3839727318,
    "min": 0.0,
    "max": 1183.300048828125,
    "mean": 142.4335287401624,
    "std": 200.22429584234638
  },
  "SNOWH": {
    "count": 894115315,
    "min": 0.0,
    "max": 8.898900032043457,
    "mean": 0.0029735320139268086,
    "std": 0.12397319060768278
  },
  "UGDRNOFF": {
    "count": 894115300,
    "min": -88.41999816894531,
    "max": 6402.77978515625,
    "mean": 2.2005743428269118,
    "std": 10.523241326648307
  },
  "soil_sm_layer1": {
    "count": 894115315,
    "min": 0.0,
    "max": 0.5699999928474426,
    "mean": 0.2072923722332471,
    "std": 0.09281008397689662
  },
  "soil_sm_layer2": {
    "count": 894115315,
    "min": 0.0,
    "max": 0.5699999928474426,
    "mean": 0.23197132981803317,
    "std": 0.10326395019426012
  },
  "soil_sm_layer3": {
    "count": 894115315,
    "min": 0.0,
    "max": 0.5699999928474426,
    "mean": 0.2364777481719239,
    "std": 0.10251972114707966
  },
  "soil_sm_layer4": {
    "count": 894115315,
    "min": 0.0,
    "max": 0.5699999928474426,
    "mean": 0.26272923856565394,
    "std": 0.09651619912945521
  },
  "terrain_router": {
    "count": 20667432642,
    "min": 0.0,
    "max": 6898.0,
    "mean": 0.025094750263802545,
    "std": 1.2900179465394392
  },
  "flow_accumulation": {
    "count": 216721880,
    "min": -2426078.75,
    "max": 4294967296.0,
    "mean": 1008095868.691122,
    "std": 1820294213.079831
  },
  "flow_direction": {
    "count": 165854039,
    "min": 0.0,
    "max": 149.0,
    "mean": 29.234425156206175,
    "std": 23.907631471067983
  },
  "irrigation": {
    "count": 213787431,
    "min": 0.0,
    "max": 100.0,
    "mean": 8.141915446705397,
    "std": 24.662742771879095
  },
  "surface_extent": {
    "count": 173562944,
    "min": 0.0,
    "max": 254.99998474121094,
    "mean": 0.3260193159796397,
    "std": 6.910691948348927
  }
}