{
  "band_1": {
    "count": 2891778531,
    "min": 0.0,
    "max": 100.0,
    "mean": 1.015076541489131,
    "std": 9.895784599621821
  },
  "band_2": {
    "count": 2900750292,
    "min": 0.0,
    "max": 0.0,
    "mean": 0.0,
    "std": 0.0
  },
  "band_3": {
    "count": 2900750292,
    "min": 0.0,
    "max": 0.0,
    "mean": 0.0,
    "std": 0.0
  },
  "band_4": {
    "count": 2900750292,
    "min": 0.0,
    "max": 0.0,
    "mean": 0.0,
    "std": 0.0
  },
  "band_5": {
    "count": 2891778531,
    "min": 0.0,
    "max": 100.0,
    "mean": 1.3640576405538023,
    "std": 11.402818877306313
  }
}