{
  "band_1": {
    "count": 2896257867,
    "min": 0.0,
    "max": 100.0,
    "mean": 0.707856454481924,
    "std": 8.261708527320952
  },
  "band_2": {
    "count": 2901875988,
    "min": 0.0,
    "max": 0.0,
    "mean": 0.0,
    "std": 0.0
  },
  "band_3": {
    "count": 2901875988,
    "min": 0.0,
    "max": 0.0,
    "mean": 0.0,
    "std": 0.0
  },
  "band_4": {
    "count": 2901875988,
    "min": 0.0,
    "max": 0.0,
    "mean": 0.0,
    "std": 0.0
  },
  "band_5": {
    "count": 2896257867,
    "min": 0.0,
    "max": 100.0,
    "mean": 1.1281883813697031,
    "std": 10.350767501499407
  }
}