{
  "band_1": {
    "count": 140578136,
    "min": 0.0,
    "max": 100.0,
    "mean": 1.071859359741211,
    "std": 10.161605834960938
  },
  "band_2": {
    "count": 140578136,
    "min": 0.0,
    "max": 0.0,
    "mean": 0.0,
    "std": 0.0
  },
  "band_3": {
    "count": 140578136,
    "min": 0.0,
    "max": 0.0,
    "mean": 0.0,
    "std": 0.0
  },
  "band_4": {
    "count": 140578136,
    "min": 0.0,
    "max": 0.0,
    "mean": 0.0,
    "std": 0.0
  },
  "band_5": {
    "count": 140578136,
    "min": 0.0,
    "max": 100.0,
    "mean": 1.9788862466812134,
    "std": 13.681985855102539
  }
}
