{
  "band_1": {
    "count": 2840351166,
    "min": 0.0,
    "max": 100.0,
    "mean": 0.9427140055963065,
    "std": 9.54019065743421
  },
  "band_2": {
    "count": 2842649938,
    "min": 0.0,
    "max": 0.0,
    "mean": 0.0,
    "std": 0.0
  },
  "band_3": {
    "count": 2842649938,
    "min": 0.0,
    "max": 0.0,
    "mean": 0.0,
    "std": 0.0
  },
  "band_4": {
    "count": 2842649938,
    "min": 0.0,
    "max": 0.0,
    "mean": 0.0,
    "std": 0.0
  },
  "band_5": {
    "count": 2842649938,
    "min": 0.0,
    "max": 0.0,
    "mean": 0.0,
    "std": 0.0
  }
}