{
  "band_1": {
    "count": 288525604,
    "min": 0.0,
    "max": 1.0000000200408773e+20,
    "mean": 3.7801773262648115e+17,
    "std": Infinity
  },
  "band_2": {
    "count": 288525604,
    "min": 0.0,
    "max": 1.0000000200408773e+20,
    "mean": 1.6907340624166912e+16,
    "std": Infinity
  },
  "band_3": {
    "count": 288525604,
    "min": 0.0,
    "max": 1.0000000200408773e+20,
    "mean": 1.6907340624166912e+16,
    "std": Infinity
  },
  "band_4": {
    "count": 288525604,
    "min": 0.0,
    "max": 1.0000000200408773e+20,
    "mean": 1.6907340624166912e+16,
    "std": Infinity
  },
  "band_5": {
    "count": 288525604,
    "min": 0.0,
    "max": 1.0000000200408773e+20,
    "mean": 1.6907340624166912e+16,
    "std": Infinity
  }
}